Date,Open,Close,Adj,Low,High,Volume
2020-01-02,14.66,14.76,1.72,14.57,14.76,555030000
2020-01-03,14.84,14.64,-0.81,14.64,15.02,1060000000
2020-01-06,14.63,14.81,1.18,14.40,14.87,1210000000
2020-01-07,14.81,14.75,-0.39,14.65,14.84,48358000
2020-01-08,14.75,14.66,-0.62,14.53,14.79,70647000
2020-01-09,14.65,14.61,-0.33,14.54,14.72,52789000
2020-01-10,14.61,14.55,-0.43,14.48,14.63,37000000
2020-01-13,14.59,14.58,0.20,14.52,14.63,44718000
2020-01-14,14.53,14.42,-1.09,14.31,14.55,57364000
2020-01-15,14.37,14.20,-1.50,14.20,14.39,49078000
2020-01-16,14.23,14.19,-0.10,14.10,14.27,41094000
2020-01-17,14.28,14.35,1.12,14.20,14.35,49812000
2020-01-20,14.27,14.42,0.50,14.25,14.47,45008000
2020-01-21,14.32,14.24,-1.27,14.20,14.39,40760000
2020-01-22,14.29,14.08,-1.11,14.07,14.33,45993000
2020-01-23,13.98,14.23,1.06,13.85,14.30,75877000
2020-01-24,14.21,14.08,-1.01,14.01,14.31,52107000
2020-01-27,13.76,13.47,-4.34,13.30,13.77,89591000
2020-01-28,13.66,13.84,2.75,13.66,14.01,65465000
2020-01-29,13.94,13.87,0.17,13.78,13.98,58691000
2020-01-30,13.59,13.91,0.31,13.54,13.96,60757000
2020-01-31,13.76,13.67,-1.69,13.61,13.86,75902000
2020-02-03,13.71,13.54,-0.95,13.53,13.81,53814000
2020-02-04,13.77,13.76,1.60,13.73,13.96,79725000
2020-02-05,13.96,13.65,-0.84,13.65,14.04,93943000
2020-02-06,13.79,14.03,2.78,13.52,14.18,1760000000
2020-02-07,13.94,13.91,-0.86,13.81,14.11,76210000
2020-02-10,13.89,14.00,0.69,13.77,14.00,63020000
2020-02-11,14.13,14.17,1.20,14.06,14.24,53167000
2020-02-12,14.25,14.48,2.21,14.24,14.55,93667000
2020-02-13,14.31,14.28,-1.36,14.25,14.52,79209000
2020-02-14,14.35,14.14,-1.01,14.10,14.40,43294000
2020-02-17,14.24,14.11,-0.20,14.09,14.31,54803000
2020-02-18,13.97,14.30,1.33,13.91,14.31,47853000
2020-02-19,14.36,14.68,2.69,14.30,14.68,64125000
2020-02-20,14.80,14.38,-2.06,14.30,14.85,1070000000
2020-02-21,14.18,14.01,-2.61,13.95,14.27,67267000
2020-02-26,13.00,12.60,-10.06,12.51,13.16,1150000000
2020-02-27,12.36,12.16,-3.47,11.96,12.75,1230000000
2020-02-28,12.09,12.18,0.16,11.83,12.29,1070000000
2020-03-02,12.26,12.75,4.70,12.25,12.86,90164000
2020-03-03,12.77,12.52,-1.81,12.38,13.21,1110000000
2020-03-04,12.93,12.92,3.22,12.61,12.95,54260000
2020-03-05,12.66,12.16,-5.95,11.88,12.82,86611000
2020-03-06,11.58,10.97,-9.73,10.84,11.60,1550000000
2020-03-09,8.56,7.71,-29.70,7.41,8.76,2070000000
2020-03-10,8.96,8.44,9.41,7.87,8.96,1420000000
2020-03-11,8.03,7.62,-9.74,7.21,8.23,1000000000
2020-03-12,6.57,6.06,-20.50,5.33,6.66,90656000
2020-03-13,7.26,7.40,22.22,6.10,7.40,1160000000
2020-03-16,6.21,6.29,-15.00,6.03,6.78,80255000
2020-03-17,6.54,6.25,-0.69,6.25,6.65,94587000
2020-03-18,5.67,5.43,-13.15,5.22,5.91,88528000
2020-03-19,5.32,5.87,8.15,5.22,6.28,89361000
2020-03-20,6.30,5.77,-1.72,5.69,6.49,90361000
2020-03-23,5.82,5.53,-4.17,5.42,5.85,59219000
2020-03-24,6.04,6.37,15.22,5.90,6.51,70475000
2020-03-25,6.36,6.88,8.08,6.17,7.11,1050000000
2020-03-26,6.92,6.92,0.49,6.64,7.30,90475000
2020-03-27,6.39,6.39,-7.57,6.37,6.58,64781000
2020-03-30,6.32,6.43,0.60,6.17,6.60,70716000
2020-03-31,6.54,6.72,4.56,6.54,6.99,1050000000
2020-04-01,6.46,6.87,2.22,6.40,6.99,76464000
2020-04-02,7.40,7.45,8.46,7.21,7.95,1780000000
2020-04-03,7.83,7.37,-1.10,7.18,7.86,1050000000
2020-04-06,7.71,7.58,2.81,7.30,7.74,92462000
2020-04-07,7.98,7.88,3.99,7.85,8.20,1120000000
2020-04-08,7.93,8.32,5.61,7.88,8.43,93339000
2020-04-09,8.62,8.08,-2.89,7.93,8.98,1560000000
2020-04-13,8.08,8.14,0.66,7.85,8.21,75106000
2020-04-14,8.18,8.04,-1.18,7.98,8.32,73787000
2020-04-15,7.71,7.87,-2.09,7.62,7.92,67113000
2020-04-16,8.01,7.56,-4.03,7.46,8.06,86857000
2020-04-17,7.57,7.75,2.61,7.48,7.75,88394000
2020-04-20,7.44,7.67,-1.12,7.37,7.85,1010000000
2020-04-22,7.62,8.05,5.02,7.58,8.05,89579000
2020-04-23,8.27,8.15,1.19,7.99,8.38,77533000
2020-04-24,8.02,7.67,-5.90,7.34,8.07,1230000000
2020-04-27,7.76,7.91,3.14,7.58,7.95,66627000
2020-04-28,8.19,8.29,4.86,7.99,8.29,74541000
2020-04-29,8.56,8.75,5.51,8.43,8.88,81687000
2020-04-30,8.64,8.68,-0.82,8.51,8.85,68902000
2020-05-04,8.38,8.35,-3.71,8.26,8.47,49861000
2020-05-05,8.60,8.62,3.22,8.59,8.88,65224000
2020-05-06,8.59,8.31,-3.68,8.31,8.68,56499000
2020-05-07,8.53,8.38,0.92,8.34,8.59,68475000
2020-05-08,8.53,8.88,5.97,8.51,8.93,72578000
2020-05-11,8.80,8.72,-1.79,8.70,9.10,57219000
2020-05-12,8.91,8.72,-0.05,8.71,9.05,62574000
2020-05-13,8.78,8.45,-3.03,8.42,8.82,74071000
2020-05-14,8.36,8.36,-1.08,8.04,8.40,97500000
2020-05-15,8.65,8.24,-1.44,8.24,8.74,1130000000
2020-05-18,8.70,8.91,8.10,8.61,8.91,1020000000
2020-05-19,8.90,8.98,0.76,8.85,9.10,71753000
2020-05-20,9.18,9.28,3.32,9.16,9.34,68620000
2020-05-21,9.37,9.22,-0.57,9.17,9.50,75464000
2020-05-22,9.04,8.97,-2.71,8.82,9.08,61594000
2020-05-25,9.36,9.36,4.34,9.26,9.40,35145000
2020-05-26,9.60,9.45,0.98,9.29,9.66,64737000
2020-05-27,9.52,9.58,1.32,9.20,9.58,69723000
2020-05-28,9.46,9.50,-0.80,9.35,9.65,61162000
2020-05-29,9.40,9.78,2.88,9.28,9.78,1220000000
2020-06-01,9.68,9.77,-0.05,9.61,9.88,84238000
2020-06-02,9.97,10.29,5.26,9.90,10.29,76541000
2020-06-03,10.51,10.32,0.33,10.29,10.53,89028000
2020-06-04,10.28,10.30,-0.19,10.11,10.47,1100000000
2020-06-05,10.71,10.62,3.13,10.60,11.07,1220000000
2020-06-08,10.84,10.83,1.95,10.58,10.86,87392000
2020-06-09,10.59,10.44,-3.60,10.40,10.59,1000000000
2020-06-10,10.52,10.29,-1.47,10.09,10.53,1050000000
2020-06-12,9.91,9.90,-3.74,9.66,10.18,1150000000
2020-06-15,9.52,9.95,0.48,9.39,10.14,96683000
2020-06-16,10.36,10.27,3.24,10.18,10.53,97500000
2020-06-17,10.32,10.31,0.33,10.17,10.50,64526000
2020-06-18,10.18,10.38,0.74,10.13,10.46,58464000
2020-06-19,10.57,10.32,-0.60,10.20,10.68,93763000
2020-06-22,10.38,10.07,-2.42,10.05,10.38,45293000
2020-06-23,10.20,10.41,3.34,10.16,10.61,81947000
2020-06-24,10.33,10.09,-3.00,9.95,10.36,65922000
2020-06-25,10.05,10.32,2.24,9.96,10.32,47504000
2020-06-26,10.19,10.02,-2.93,9.99,10.32,55127000
2020-06-29,10.14,10.41,3.94,10.06,10.41,61150000
2020-06-30,10.26,10.36,-0.51,10.14,10.48,66737000
2020-07-01,10.45,10.43,0.74,10.34,10.69,82698000
2020-07-02,10.62,10.60,1.61,10.51,10.68,59404000
2020-07-03,10.55,10.56,-0.36,10.48,10.66,25020000
2020-07-06,10.76,10.82,2.41,10.72,10.99,62465000
2020-07-07,10.74,10.68,-1.25,10.64,10.80,49662000
2020-07-08,10.79,10.89,1.89,10.77,10.94,52962000
2020-07-09,10.95,10.64,-2.25,10.60,10.96,60727000
2020-07-10,10.67,10.82,1.67,10.60,10.89,61282000
2020-07-13,10.87,10.65,-1.56,10.65,10.89,59024000
2020-07-14,10.64,11.01,3.34,10.51,11.04,96613000
2020-07-15,11.15,11.22,1.92,10.98,11.26,64753000
2020-07-16,11.13,10.92,-2.66,10.82,11.19,75670000
2020-07-17,10.97,10.93,0.09,10.85,11.07,54088000
2020-07-20,10.91,10.93,0.00,10.82,11.01,52941000
2020-07-21,11.13,11.23,2.77,11.12,11.34,1140000000
2020-07-22,11.20,11.08,-1.37,11.06,11.25,47633000
2020-07-23,11.13,10.85,-2.08,10.83,11.17,69982000
2020-07-24,10.83,10.92,0.71,10.78,11.08,46777000
2020-07-27,10.99,11.15,2.07,10.79,11.18,61918000
2020-07-28,11.07,10.96,-1.72,10.96,11.21,52582000
2020-07-29,11.07,11.14,1.62,11.02,11.18,48507000
2020-07-30,11.02,10.97,-1.51,10.81,11.02,62703000
2020-07-31,11.02,10.67,-2.72,10.65,11.12,81111000
2020-08-03,10.83,10.48,-1.80,10.44,10.84,66321000
2020-08-04,10.31,10.47,-0.09,10.21,10.60,65265000
2020-08-05,10.68,11.14,6.43,10.68,11.19,1510000000
2020-08-06,11.19,11.16,0.17,11.06,11.31,62682000
2020-08-07,10.99,10.95,-1.85,10.84,11.01,60733000
2020-08-10,11.01,11.27,2.89,10.88,11.27,57742000
2020-08-11,11.40,11.09,-1.58,11.08,11.48,74694000
2020-08-12,11.23,11.29,1.73,11.09,11.38,74643000
2020-08-13,11.27,10.98,-2.73,10.92,11.33,48954000
2020-08-14,10.94,10.90,-0.74,10.83,11.05,41744000
2020-08-17,10.90,10.86,-0.31,10.65,10.98,55769000
2020-08-18,11.02,11.06,1.86,10.94,11.17,54301000
2020-08-19,11.03,11.00,-0.56,10.93,11.21,57187000
2020-08-20,10.82,10.92,-0.70,10.74,10.99,59581000
2020-08-21,10.83,10.84,-0.75,10.74,10.88,41314000
2020-08-24,10.99,11.04,1.82,10.96,11.12,56790000
2020-08-25,11.10,10.99,-0.44,10.91,11.13,41272000
2020-08-26,10.95,10.68,-2.84,10.59,11.01,74517000
2020-08-27,10.73,10.65,-0.31,10.59,10.80,37288000
2020-08-28,10.69,10.83,1.76,10.60,10.83,32938000
2020-08-31,10.73,10.52,-2.88,10.52,10.78,33766000
2020-09-01,10.67,10.99,4.48,10.63,11.00,71650000
2020-09-02,11.02,10.96,-0.31,10.82,11.10,58143000
2020-09-03,10.87,11.00,0.35,10.85,11.11,95990000
2020-09-04,11.05,11.02,0.17,10.85,11.07,56906000
2020-09-08,10.81,10.70,-2.88,10.53,10.81,78887000
2020-09-09,10.81,10.92,2.11,10.81,10.94,45568000
2020-09-10,10.85,10.63,-2.68,10.63,10.85,61174000
2020-09-11,10.63,10.52,-1.08,10.45,10.70,74383000
2020-09-14,10.55,10.42,-0.91,10.30,10.56,47549000
2020-09-15,10.56,10.42,-0.05,10.36,10.61,60892000
2020-09-16,10.50,10.44,0.28,10.38,10.57,52446000
2020-09-17,10.34,10.65,1.93,10.31,10.66,63105000
2020-09-18,10.57,10.41,-2.26,10.36,10.65,66671000
2020-09-21,10.23,10.05,-3.46,10.00,10.31,73570000
2020-09-22,10.07,10.00,-0.48,9.97,10.26,47076000
2020-09-23,10.00,9.72,-2.74,9.71,10.07,55802000
2020-09-24,9.73,9.81,0.84,9.64,9.95,74210000
2020-09-25,9.68,9.68,-1.32,9.55,9.74,38516000
2020-09-28,9.77,9.43,-2.48,9.43,9.88,46463000
2020-09-29,9.43,9.28,-1.63,9.25,9.55,49180000
2020-09-30,9.37,9.43,1.55,9.34,9.63,65347000
2020-10-01,9.44,9.54,1.22,9.19,9.64,71712000
2020-10-02,9.48,9.14,-4.18,9.14,9.49,77820000
2020-10-05,9.31,9.63,5.31,9.25,9.69,68901000
2020-10-06,9.84,9.58,-0.50,9.58,9.95,74488000
2020-10-07,9.61,9.51,-0.70,9.40,9.64,50420000
2020-10-08,9.63,9.82,3.28,9.55,9.90,75346000
2020-10-09,9.78,9.52,-3.13,9.52,9.80,64753000
2020-10-13,9.57,9.68,1.67,9.48,9.68,52612000
2020-10-14,9.66,9.60,-0.79,9.60,9.79,42536000
2020-10-15,9.43,9.49,-1.10,9.34,9.50,53101000
2020-10-16,9.45,9.29,-2.12,9.29,9.47,45962000
2020-10-19,9.33,9.38,0.98,9.25,9.58,1010000000
2020-10-20,9.45,9.70,3.38,9.42,9.74,65301000
2020-10-21,9.69,9.69,-0.10,9.53,9.77,58025000
2020-10-22,9.66,10.02,3.37,9.64,10.02,97451000
2020-10-23,10.06,9.89,-1.29,9.87,10.16,61253000
2020-10-26,9.77,9.73,-1.56,9.63,9.87,56071000
2020-10-27,9.74,9.56,-1.83,9.52,9.79,45572000
2020-10-28,9.30,8.97,-6.09,8.97,9.34,71739000
2020-10-29,8.86,9.27,3.32,8.53,9.31,76528000
2020-10-30,9.20,9.10,-1.81,9.07,9.39,58435000
2020-11-03,9.38,9.44,3.75,9.29,9.56,62498000
2020-11-04,9.62,9.48,0.36,9.26,9.65,60772000
2020-11-05,9.59,9.56,0.86,9.48,9.61,39035000
2020-11-06,9.40,9.49,-0.70,9.39,9.59,35403000
2020-11-09,10.15,10.39,9.42,10.11,10.91,1720000000
2020-11-10,10.52,11.09,6.80,10.48,11.13,1790000000
2020-11-11,11.22,11.00,-0.87,10.77,11.23,1020000000
2020-11-12,10.93,10.53,-4.24,10.46,10.97,82423000
2020-11-13,10.58,10.88,3.28,10.52,10.96,71341000
2020-11-16,11.15,11.19,2.92,11.12,11.36,1140000000
2020-11-17,11.08,11.39,1.72,11.05,11.60,1070000000
2020-11-18,11.53,11.32,-0.59,11.32,11.60,78706000
2020-11-19,11.32,11.45,1.15,11.23,11.51,74344000
2020-11-20,11.46,11.37,-0.71,11.28,11.53,43432000
2020-11-23,11.56,12.06,6.13,11.55,12.06,1490000000
2020-11-24,12.32,12.60,4.46,12.32,12.82,1930000000
2020-11-25,12.59,12.62,0.11,12.34,12.74,92833000
2020-11-26,12.47,12.41,-1.64,12.29,12.47,51893000
2020-11-27,12.46,12.26,-1.24,12.23,12.53,61830000
2020-11-30,12.14,11.97,-2.35,11.94,12.44,1100000000
2020-12-01,12.21,12.30,2.81,12.16,12.39,72185000
2020-12-02,12.30,12.45,1.21,12.17,12.74,1100000000
2020-12-03,12.57,12.80,2.82,12.52,12.92,79515000
2020-12-04,13.07,13.23,3.34,13.01,13.25,81122000
2020-12-07,13.11,12.98,-1.92,12.82,13.36,95112000
2020-12-08,12.89,12.81,-1.26,12.72,13.04,59603000
2020-12-09,12.80,12.95,1.05,12.69,12.96,67346000
2020-12-10,13.07,13.37,3.27,13.04,13.55,1300000000
2020-12-11,13.21,13.25,-0.90,13.11,13.38,63986000
2020-12-14,13.47,13.28,0.18,13.28,13.59,71165000
2020-12-15,13.36,13.39,0.83,13.28,13.45,63101000
2020-12-16,13.39,13.55,1.22,13.20,13.57,79789000
2020-12-17,13.60,13.57,0.18,13.49,13.65,53114000
2020-12-18,13.51,13.51,-0.50,13.47,13.61,60553000
2020-12-21,13.07,12.99,-3.84,12.75,13.21,1300000000
2020-12-22,13.07,13.11,0.96,13.00,13.20,49127000
2020-12-23,13.18,13.43,2.46,13.15,13.58,65797000
2020-12-28,13.63,13.54,0.82,13.54,13.71,49402000
2020-12-29,13.64,13.59,0.32,13.45,13.66,40535000
2020-12-30,13.63,13.62,0.25,13.55,13.69,50371000
2021-01-04,13.77,13.90,2.01,13.71,14.03,1040000000
2021-01-05,13.89,14.44,3.91,13.57,14.51,1340000000
2021-01-06,14.50,14.45,0.10,14.44,14.85,1420000000
2021-01-07,14.58,14.90,3.09,14.58,14.97,83159000
2021-01-08,15.12,14.96,0.39,14.59,15.27,1000000000
2021-01-11,14.71,14.83,-0.84,14.61,14.93,72042000
2021-01-12,14.96,14.72,-0.75,14.72,15.17,97922000
2021-01-13,14.75,14.01,-4.83,13.94,14.83,1340000000
2021-01-14,14.02,14.15,1.03,13.80,14.26,71362000
2021-01-15,13.96,13.52,-4.52,13.47,13.98,1100000000
2021-01-18,13.61,13.49,-0.18,13.46,13.87,93832000
2021-01-19,13.69,13.79,2.21,13.28,13.87,83946000
2021-01-20,13.91,13.56,-1.67,13.51,14.00,82656000
2021-01-21,13.47,13.24,-2.34,13.22,13.65,55168000
2021-01-22,12.94,13.02,-1.67,12.77,13.09,66259000
2021-01-26,13.10,12.98,-0.33,12.89,13.44,84858000
2021-01-27,12.89,13.16,1.41,12.75,13.54,90106000
2021-01-28,13.13,13.34,1.39,13.13,13.67,90894000
2021-01-29,13.23,12.83,-3.85,12.83,13.30,88120000
2021-02-01,13.10,13.23,3.15,12.90,13.30,58281000
2021-02-02,13.65,13.78,4.10,13.55,14.01,1260000000
2021-02-03,13.93,13.87,0.66,13.78,14.01,71853000
2021-02-04,13.86,13.85,-0.10,13.56,13.93,57013000
2021-02-05,13.93,13.95,0.69,13.61,14.46,1710000000
2021-02-08,13.70,13.51,-3.14,13.36,14.08,1350000000
2021-02-09,13.48,13.24,-2.03,13.16,13.64,84836000
2021-02-10,13.33,13.36,0.94,13.03,13.48,70234000
2021-02-11,13.53,13.50,1.01,13.40,13.70,82995000
2021-02-12,13.37,13.67,1.28,13.27,13.69,64772000
2021-02-17,13.71,14.22,4.04,13.52,14.23,76569000
2021-02-18,14.60,14.07,-1.08,13.96,14.86,1510000000
2021-02-19,13.47,13.14,-6.63,13.06,13.69,2870000000
2021-02-22,10.96,10.31,-21.51,10.29,10.79,5200000000
2021-02-23,11.08,11.56,12.17,10.92,11.66,3310000000
2021-02-24,11.80,11.73,1.41,11.54,12.02,1830000000
2021-02-25,12.02,11.15,-4.96,11.10,12.14,1980000000
2021-02-26,11.15,10.69,-4.10,10.56,11.26,1730000000
2021-03-01,10.96,10.57,-1.08,10.54,11.07,97425000
2021-03-02,10.50,10.57,-0.05,9.93,10.73,1530000000
2021-03-03,10.48,10.18,-3.64,9.84,10.52,1880000000
2021-03-04,10.24,10.68,4.86,10.15,10.77,1350000000
2021-03-05,10.79,10.76,0.77,10.71,11.16,1370000000
2021-03-08,10.55,10.14,-5.76,10.07,10.71,1470000000
2021-03-09,10.27,10.38,2.32,10.03,10.55,1270000000
2021-03-10,10.55,10.74,3.47,10.37,10.74,1180000000
2021-03-11,10.87,11.19,4.25,10.87,11.29,1450000000
2021-03-12,11.13,11.14,-0.51,10.99,11.24,75559000
2021-03-15,11.11,11.37,2.07,11.10,11.38,64060000
2021-03-16,11.36,11.19,-1.57,11.17,11.38,48521000
2021-03-17,11.12,11.57,3.44,11.11,11.60,88704000
2021-03-18,11.48,11.17,-3.49,11.09,11.49,86774000
2021-03-19,11.18,11.54,3.27,11.14,11.55,1030000000
2021-03-22,11.39,11.30,-2.00,11.17,11.43,49358000
2021-03-23,11.14,10.96,-3.06,10.96,11.36,62907000
2021-03-24,11.15,10.97,0.09,10.97,11.31,69346000
2021-03-25,10.91,11.15,1.67,10.65,11.20,86089000
2021-03-26,11.29,11.28,1.12,11.11,11.48,68561000
2021-03-29,11.22,11.45,1.58,11.19,11.45,56351000
2021-03-30,11.36,11.45,0.00,11.33,11.53,46611000
2021-03-31,11.44,11.58,1.13,11.43,11.65,79120000
2021-04-01,11.67,11.48,-0.87,11.43,11.72,53973000
2021-04-05,11.60,11.55,0.63,11.38,11.63,46176000
2021-04-06,11.62,11.55,-0.08,11.49,11.71,52727000
2021-04-07,11.51,11.54,-0.08,11.50,11.70,63855000
2021-04-08,11.53,11.39,-1.25,11.23,11.55,71410000
2021-04-09,11.30,11.37,-0.21,11.23,11.43,53204000
2021-04-12,11.52,11.48,1.01,11.43,11.71,54789000
2021-04-13,11.53,11.48,0.00,11.39,11.56,16380000
2021-04-14,11.63,11.70,1.93,11.53,11.81,1060000000
2021-04-15,11.77,11.47,-2.00,11.44,11.84,73919000
2021-04-16,11.49,11.40,-0.61,11.33,11.54,67571000
2021-04-19,11.40,12.06,5.80,11.31,12.362340000000
2021-04-20,12.09,11.83,-1.90,11.80,12.22,1070000000
2021-04-22,11.99,11.78,-0.46,11.75,12.02,54789000
2021-04-23,11.86,11.77,-0.08,11.68,11.89,70447000
2021-04-26,11.85,11.81,0.38,11.73,11.95,39039000
2021-04-27,11.83,11.48,-2.86,11.48,12.01,88634000
2021-04-28,11.62,11.89,3.64,11.60,11.97,77761000
2021-04-29,11.98,11.73,-1.34,11.63,12.07,57925000
2021-04-30,11.62,11.73,0.00,11.56,11.89,71035000
2021-05-03,11.82,11.64,-0.80,11.57,11.83,55984000
2021-05-04,11.69,11.37,-2.30,11.37,11.74,50345000
2021-05-05,11.51,11.84,4.11,11.49,11.90,88838000
2021-05-06,11.78,11.67,-1.38,11.62,11.85,62842000
2021-05-07,11.74,12.11,3.75,11.65,12.15,88145000
2021-05-10,12.32,12.27,1.31,12.21,12.41,90645000
2021-05-11,12.14,12.49,1.82,12.08,12.50,90664000
2021-05-12,12.39,12.31,-1.47,12.26,12.68,1110000000
2021-05-13,12.30,12.41,0.85,12.14,12.47,94469000
2021-05-14,12.82,13.05,5.16,12.69,13.102520000000
2021-05-17,13.06,13.24,1.45,13.02,13.24,1090000000
2021-05-18,13.26,13.09,-1.16,13.05,13.31,81555000
2021-05-19,12.84,12.99,-0.76,12.82,13.09,1090000000
2021-05-20,12.99,12.88,-0.84,12.78,13.05,91450000
2021-05-21,12.96,12.89,0.08,12.89,13.07,1050000000
2021-05-24,13.05,13.11,1.70,12.91,13.17,82128000
2021-05-25,13.15,12.84,-2.08,12.81,13.22,82047000
2021-05-26,12.87,12.96,0.97,12.74,13.00,55993000
2021-05-27,12.96,12.87,-0.69,12.80,13.04,62553000
2021-05-28,13.02,13.41,4.17,12.99,13.42,1710000000
2021-05-31,13.39,13.35,-0.44,13.30,13.51,61540000
2021-06-01,13.61,13.56,1.56,13.42,13.76,1220000000
2021-06-02,13.59,13.94,2.82,13.54,13.94,1440000000
2021-06-04,13.94,14.16,1.57,13.87,14.22,1440000000
2021-06-07,14.16,14.05,-0.74,13.91,14.18,1040000000
2021-06-08,13.99,14.24,1.31,13.89,14.31,1250000000
2021-06-09,14.27,14.24,0.00,14.17,14.45,86548000
2021-06-10,14.32,14.25,0.07,14.19,14.42,46956000
2021-06-11,14.31,14.19,-0.38,14.04,14.33,77846000
2021-06-14,14.36,14.28,0.63,14.21,14.58,87197000
2021-06-15,14.39,14.42,0.97,14.22,14.44,60753000
2021-06-16,14.45,14.48,0.38,14.29,14.55,1110000000
2021-06-17,14.41,13.97,-3.47,13.86,14.51,1330000000
2021-06-18,13.91,14.07,0.67,13.73,14.12,1600000000
2021-06-21,14.11,14.38,2.22,14.11,14.41,72202000
2021-06-22,14.41,14.46,0.52,14.24,14.54,59544000
2021-06-23,14.53,14.56,0.69,14.41,14.66,83119000
2021-06-24,14.65,14.73,1.19,14.52,14.73,74774000
2021-06-25,14.75,14.46,-1.85,14.38,14.80,1230000000
2021-06-28,14.50,14.43,-0.17,14.24,14.54,57776000
2021-06-29,14.45,14.50,0.45,14.28,14.50,62148000
2021-06-30,14.42,14.62,0.86,14.37,14.69,91289000
2021-07-01,14.77,14.44,-1.26,14.37,14.84,94217000
2021-07-02,14.56,14.50,0.41,14.27,14.59,53731000
2021-07-05,14.41,14.33,-1.13,14.09,14.49,79749000
2021-07-06,14.26,13.75,-4.09,13.75,14.31,1350000000
2021-07-07,13.98,13.93,1.37,13.62,13.98,1020000000
2021-07-08,n-d,13.66,-2.00,13.55,13.75,1050000000
2021-07-12,13.70,13.78,0.87,13.55,13.80,71803000
2021-07-13,13.69,13.86,0.61,13.60,13.89,56659000
2021-07-14,13.96,13.75,-0.82,13.68,14.01,71039000
2021-07-15,13.66,13.45,-2.13,13.37,13.73,91574000
2021-07-16,13.53,13.25,-1.48,13.20,13.60,90197000
2021-07-19,12.90,13.03,-1.65,12.85,13.14,1030000000
2021-07-20,13.01,13.21,1.33,12.87,13.38,83017000
2021-07-21,13.31,13.39,1.39,13.21,13.53,67243000
2021-07-22,13.41,13.36,-0.22,13.27,13.52,50100000
2021-07-23,13.46,13.28,-0.60,13.25,13.50,45088000
2021-07-26,13.28,13.65,2.73,13.27,13.65,62706000
2021-07-27,13.59,13.49,-1.16,13.36,13.61,69717000
2021-07-28,13.63,13.77,2.06,13.51,13.86,63841000
2021-07-29,13.81,13.81,0.36,13.66,13.87,60146000
2021-07-30,13.71,13.37,-3.23,13.33,13.82,99642000
2021-08-02,13.51,13.12,-1.86,13.10,13.62,93484000
2021-08-03,13.09,13.34,1.67,12.81,13.35,93879000
2021-08-04,13.19,13.05,-2.12,12.89,13.30,1140000000
2021-08-05,14.28,14.08,7.88,13.94,14.403160000000
2021-08-06,14.16,14.10,0.14,13.92,14.18,71450000
2021-08-09,13.88,14.00,-0.70,13.75,14.01,1040000000
2021-08-10,14.06,14.05,0.32,14.03,14.30,1190000000
2021-08-11,13.99,14.24,1.38,13.89,14.40,1310000000
2021-08-12,14.24,14.46,1.50,14.16,14.50,1360000000
2021-08-13,14.44,14.58,0.86,14.42,14.71,1240000000
2021-08-16,14.51,14.23,-2.42,14.03,14.53,1430000000
2021-08-17,14.13,14.23,0.00,13.92,14.54,1320000000
2021-08-18,14.23,14.10,-0.89,14.03,14.37,1210000000
2021-08-19,13.82,14.02,-0.56,13.75,14.14,1120000000
2021-08-20,13.90,14.00,-0.15,13.77,14.02,1180000000
2021-08-23,14.18,14.22,1.58,14.09,14.37,99201000
2021-08-24,14.36,14.52,2.07,14.34,14.54,71632000
2021-08-25,14.54,14.60,0.54,14.41,14.65,66770000
2021-08-26,14.52,14.47,-0.87,14.46,14.67,59137000
2021-08-27,n-d,15.00,3.64,14.56,15.00,1070000000
2021-08-30,14.95,14.90,-0.67,14.87,15.11,91145000
2021-08-31,14.84,14.31,-3.92,14.21,14.86,1590000000
2021-09-01,14.38,14.23,-0.55,13.86,14.39,97834000
2021-09-02,14.21,14.00,-1.63,13.93,14.40,78538000
2021-09-03,14.03,13.86,-1.02,13.74,14.10,79541000
2021-09-06,13.80,13.93,0.49,13.76,14.06,36697000
2021-09-08,13.84,13.14,-5.63,13.05,13.87,1070000000
2021-09-09,13.20,13.42,2.12,12.71,13.622020000000
2021-09-10,13.70,13.34,-0.63,13.33,13.76,1050000000
2021-09-13,13.58,13.81,3.51,13.50,13.89,86617000
2021-09-14,13.66,13.62,-1.33,13.54,13.82,89114000
2021-09-15,13.68,13.86,1.74,13.62,13.93,92245000
2021-09-16,13.73,13.74,-0.87,13.43,13.81,88834000
2021-09-17,13.67,13.12,-4.48,13.04,13.70,1700000000
2021-09-20,12.67,12.97,-1.12,12.52,12.97,1020000000
2021-09-21,13.20,13.27,2.27,12.91,13.31,84711000
2021-09-22,13.44,13.61,2.54,13.43,13.80,95480000
2021-09-23,13.66,14.13,3.83,13.64,14.19,1170000000
2021-09-24,13.97,14.16,0.22,13.93,14.24,63004000
2021-09-27,14.29,14.29,0.89,13.95,14.45,1270000000
2021-09-28,14.31,14.19,-0.66,14.06,14.68,1690000000
2021-09-29,14.32,14.42,1.60,14.12,14.49,84100000
2021-09-30,14.49,14.33,-0.58,14.30,14.52,94261000
2021-10-01,14.27,14.74,2.83,14.25,14.74,88336000
2021-10-04,14.61,15.15,2.82,14.59,15.16,1590000000
2021-10-05,15.26,15.49,2.19,15.21,15.51,1530000000
2021-10-06,15.24,15.07,-2.65,14.99,15.35,1270000000
2021-10-07,15.11,15.05,-0.14,14.87,15.25,90954000
2021-10-08,15.26,15.33,1.82,15.11,15.59,1280000000
2021-10-11,15.53,15.43,0.69,15.34,15.71,1190000000
2021-10-13,15.35,15.60,1.06,15.31,15.63,86058000
2021-10-14,15.72,15.62,0.17,15.53,15.91,1190000000
2021-10-15,15.69,15.58,-0.27,15.53,15.71,1000000000
2021-10-18,15.47,15.50,-0.51,15.26,15.60,1060000000
2021-10-19,15.39,14.74,-4.89,14.66,15.43,1660000000
2021-10-20,14.88,14.95,1.43,14.71,15.16,82655000
2021-10-21,14.66,14.45,-3.38,14.17,14.83,1460000000
2021-10-22,14.26,14.31,-0.98,13.56,14.61,1950000000
2021-10-25,14.61,15.29,6.84,14.55,15.432040000000
2021-10-26,15.16,15.14,-0.97,15.05,15.39,87578000
2021-10-27,15.17,15.10,-0.24,14.99,15.30,86845000
2021-10-28,15.02,15.24,0.94,14.87,15.40,1330000000
2021-10-29,15.33,14.34,-5.91,14.20,15.362290000000
2021-11-01,n-d,14.74,2.75,14.41,14.91,1440000000
2021-11-03,14.59,14.13,-4.11,14.11,14.66,1180000000
2021-11-04,14.22,13.68,-3.17,13.61,14.34,1270000000
2021-11-05,13.84,13.61,-0.58,13.57,13.97,1180000000
2021-11-08,13.58,13.75,1.04,13.54,14.03,82407000
2021-11-09,13.79,14.02,1.99,13.79,14.19,1020000000
2021-11-10,14.00,13.91,-0.79,13.77,14.17,95525000
2021-11-11,14.15,13.92,0.07,13.81,14.15,84714000
2021-11-12,13.85,14.21,2.04,13.68,14.30,1200000000
2021-11-16,14.35,14.35,1.04,14.02,14.51,87180000
2021-11-17,14.42,13.99,-2.53,13.94,14.44,1170000000
2021-11-18,14.05,13.97,-0.15,13.71,14.08,88927000
2021-11-19,13.74,13.74,-1.66,13.57,13.83,1160000000
2021-11-22,13.84,13.87,1.00,13.84,14.28,83378000
2021-11-23,14.01,14.63,5.46,13.95,14.76,1570000000
2021-11-24,14.62,14.93,2.05,14.48,14.97,94971000
2021-11-25,15.29,15.59,4.41,15.03,15.68,1610000000
2021-11-26,14.94,14.99,-3.88,14.77,15.35,1640000000
2021-11-29,15.45,15.51,3.51,15.16,15.70,1310000000
2021-11-30,15.42,15.49,-0.14,15.19,15.60,1990000000
2021-12-01,15.71,15.58,0.58,15.52,16.142140000000
2021-12-02,15.92,16.72,7.35,15.45,16.803120000000
2021-12-03,16.80,16.96,1.41,16.64,17.07,1770000000
2021-12-06,16.97,17.04,0.45,16.91,17.26,1130000000
2021-12-07,17.27,17.31,1.63,16.98,17.44,1710000000
2021-12-08,17.31,17.31,-0.03,17.23,17.73,1240000000
2021-12-09,17.16,17.27,-0.20,16.98,17.39,1160000000
2021-12-10,17.40,17.49,1.23,17.39,17.75,67449000
2021-12-13,17.50,17.38,-0.61,17.27,17.72,65302000
2021-12-14,17.46,17.17,-1.19,17.11,17.60,98420000
2021-12-15,17.16,17.28,0.62,16.86,17.28,94146000
2021-12-16,17.47,17.51,1.33,17.40,17.68,89597000
2021-12-17,17.29,17.10,-2.36,16.97,17.48,1600000000
2021-12-20,16.77,16.61,-2.86,16.32,16.84,1760000000
2021-12-21,16.84,16.63,0.14,16.58,16.94,67706000
2021-12-22,16.75,16.61,-0.14,16.49,16.75,56040000
2021-12-23,16.71,16.71,0.60,16.60,16.76,47906000
2021-12-27,16.70,16.95,1.48,16.60,16.97,74606000
2021-12-28,17.11,16.97,0.11,16.93,17.27,52250000
2021-12-29,16.93,16.83,-0.83,16.76,17.04,59881000
2021-12-30,16.84,16.78,-0.32,16.74,16.93,72700000
2022-01-03,16.83,17.16,2.25,16.82,17.23,90135000
2022-01-04,17.20,17.22,0.38,17.05,17.34,89034000
2022-01-05,17.21,16.55,-3.87,16.48,17.26,1320000000
2022-01-06,16.68,16.48,-0.46,16.42,16.90,94687000
2022-01-07,16.58,16.62,0.86,16.41,16.68,78650000
2022-01-10,16.51,16.52,-0.60,16.35,16.65,61688000
2022-01-11,16.57,17.01,2.96,16.42,17.14,1240000000
2022-01-12,17.07,17.53,3.05,17.07,17.64,1420000000
2022-01-13,17.41,17.88,2.02,17.40,18.06,1370000000
2022-01-14,17.86,18.55,3.73,17.83,18.64,1770000000
2022-01-17,18.52,18.58,0.16,18.43,18.76,66427000
2022-01-18,18.61,18.66,0.44,18.26,18.86,1460000000
2022-01-19,18.81,18.57,-0.47,18.54,19.00,1460000000
2022-01-20,18.58,18.71,0.73,18.35,18.87,1600000000
2022-01-21,18.62,18.74,0.16,18.59,18.80,1130000000
2022-01-24,18.69,18.84,0.57,18.31,19.02,1480000000
2022-01-25,18.69,19.46,3.26,18.62,19.60,1890000000
2022-01-26,19.64,19.97,2.67,19.64,20.21,1980000000
2022-01-27,20.20,19.98,0.03,19.56,20.43,1820000000
2022-01-28,19.93,19.19,-3.96,18.99,20.262300000000
2022-01-31,19.17,19.08,-0.58,18.91,19.46,1190000000
2022-02-01,19.08,19.46,2.01,18.84,19.65,1110000000
2022-02-02,19.70,19.18,-1.46,19.08,19.75,69830000
2022-02-03,19.08,18.91,-1.38,18.65,19.41,96503000
2022-02-04,19.11,19.24,1.75,18.80,19.60,1150000000
2022-02-07,19.20,18.96,-1.47,18.95,19.33,93286000
2022-02-08,18.81,18.77,-1.00,18.43,18.84,1170000000
2022-02-09,18.72,18.84,0.38,18.66,19.28,96849000
2022-02-10,19.05,19.13,1.53,18.84,19.40,95049000
2022-02-11,19.33,19.91,4.07,19.24,20.00,1740000000
2022-02-14,19.97,19.46,-2.25,19.35,20.02,1090000000
2022-02-15,19.26,19.15,-1.58,18.81,19.27,1250000000
2022-02-16,19.36,19.42,1.39,19.33,19.87,1290000000
2022-02-17,19.37,19.34,-0.39,19.20,19.63,83702000
2022-02-18,19.21,19.46,0.61,19.03,19.51,1130000000
2022-02-21,19.49,19.96,2.58,19.46,20.05,1020000000
2022-02-22,20.18,19.90,-0.33,19.58,20.45,1600000000
2022-02-23,20.16,20.18,1.42,19.93,20.40,1750000000
2022-02-24,20.52,19.69,-2.43,19.27,20.812790000000
2022-02-25,19.73,20.05,1.83,19.40,20.05,1710000000
2022-03-02,20.79,20.45,1.97,20.28,20.81,1190000000
2022-03-03,20.53,20.19,-1.24,20.15,20.60,1410000000
2022-03-04,20.10,20.19,-0.03,19.94,20.45,1120000000
2022-03-07,20.35,18.75,-7.10,18.65,20.402160000000
2022-03-08,18.87,19.14,2.07,18.58,19.442130000000
2022-03-09,19.23,19.20,0.31,18.72,19.35,1670000000
2022-03-10,19.23,19.87,3.50,19.18,20.402710000000
2022-03-11,20.00,19.16,-3.59,18.91,20.27,1810000000
2022-03-14,19.12,18.79,-1.91,18.59,19.40,98369000
2022-03-15,18.36,18.34,-2.42,17.97,18.60,1080000000
2022-03-16,18.58,18.18,-0.87,17.91,18.60,1300000000
2022-03-17,18.43,17.70,-2.66,17.40,18.523170000000
2022-03-18,17.74,18.05,2.00,17.61,18.18,1140000000
2022-03-21,18.23,18.73,3.76,18.07,18.92,1260000000
2022-03-22,18.87,18.65,-0.44,18.49,18.93,1040000000
2022-03-23,18.83,18.90,1.36,18.69,19.15,1000000000
2022-03-24,18.90,19.12,1.15,18.68,19.23,92976000
2022-03-25,18.96,19.05,-0.37,18.82,19.20,98374000
2022-03-28,18.91,18.64,-2.17,18.27,18.92,1260000000
2022-03-29,18.95,19.05,2.21,18.82,19.32,1780000000
2022-03-30,19.17,19.46,2.14,19.10,19.46,1340000000
2022-03-31,19.21,19.73,1.39,19.17,19.80,1840000000
2022-04-01,19.79,19.47,-1.32,19.41,19.93,1420000000
2022-04-04,19.40,19.28,-0.94,19.02,19.40,1080000000
2022-04-05,19.26,19.10,-0.95,19.10,19.50,87318000
2022-04-06,19.23,19.08,-0.09,18.89,19.33,1080000000
2022-04-07,19.25,20.07,5.19,19.17,20.092330000000
2022-04-08,20.09,20.17,0.50,19.96,20.29,1220000000
2022-04-11,19.99,20.02,-0.76,19.92,20.11,96070000
2022-04-12,20.29,19.96,-0.29,19.93,20.45,1370000000
2022-04-13,20.27,20.39,2.13,20.11,20.522050000000
2022-04-14,20.36,20.15,-1.16,20.08,20.672400000000
2022-04-18,20.08,19.80,-1.76,19.64,20.23,1510000000
2022-04-19,20.08,20.40,3.03,20.05,20.62,1790000000
2022-04-20,20.40,20.49,0.47,20.19,20.59,70398000
2022-04-22,20.01,19.69,-3.90,19.54,20.17,1470000000
2022-04-25,19.31,19.40,-1.47,19.04,19.62,1280000000
2022-04-26,19.40,19.37,-0.17,19.26,19.71,94611000
2022-04-27,19.57,19.37,0.00,19.30,19.69,80759000
2022-04-28,19.62,19.50,0.67,19.49,19.73,84571000
2022-04-29,19.82,19.51,0.07,19.51,20.36,1520000000
2022-05-02,19.44,19.32,-0.99,18.90,19.54,1390000000
2022-05-03,19.41,19.49,0.90,19.22,19.58,1020000000
2022-05-04,19.72,20.67,6.02,19.59,20.732200000000
2022-05-05,20.50,20.63,-0.19,19.99,20.942030000000
2022-05-06,21.07,21.30,3.28,20.56,21.342730000000
2022-05-09,21.07,20.72,-2.72,20.66,21.29,1910000000
2022-05-10,20.85,20.90,0.87,20.75,21.17,1260000000
2022-05-11,21.12,21.63,3.48,21.07,21.852350000000
2022-05-12,21.43,21.80,0.77,21.43,21.962480000000
2022-05-13,21.97,22.08,1.30,21.85,22.19,1480000000
2022-05-16,22.07,22.30,0.99,21.92,22.482050000000
2022-05-17,22.55,22.01,-1.30,22.00,22.642000000000
2022-05-18,22.03,21.65,-1.64,21.54,22.27,1760000000
2022-05-19,21.60,22.02,1.70,21.48,22.10,1400000000
2022-05-20,22.29,22.44,1.93,22.07,22.44,1740000000
2022-05-23,22.67,23.33,3.93,22.65,23.402140000000
2022-05-24,22.36,22.65,-2.92,22.01,23.003450000000
2022-05-25,22.72,22.97,1.42,22.40,23.13,1600000000
2022-05-26,22.95,23.03,0.25,22.90,23.33,1810000000
2022-05-27,23.04,21.93,-4.76,21.91,23.042440000000
2022-05-30,22.10,21.49,-1.99,20.87,22.122080000000
2022-05-31,21.79,21.54,0.23,21.36,21.94,1800000000
2022-06-01,21.43,21.51,-0.13,21.39,21.74,99073000
2022-06-02,21.48,21.33,-0.87,21.18,21.54,1070000000
2022-06-03,21.29,21.70,1.75,21.16,21.82,1290000000
2022-06-06,21.86,21.72,0.07,21.44,21.88,84382000
2022-06-07,21.64,21.97,1.19,21.61,22.43,1770000000
2022-06-08,21.80,21.87,-0.49,21.74,22.32,1450000000
2022-06-09,21.87,21.55,-1.44,21.49,21.97,1170000000
2022-06-10,21.51,21.25,-1.40,20.83,21.51,1330000000
2022-06-13,20.80,20.98,-1.28,20.55,21.20,1340000000
2022-06-14,21.26,21.21,1.13,20.96,21.68,1470000000
2022-06-15,21.50,20.84,-1.76,20.67,21.51,1360000000
2022-06-17,20.19,19.57,-6.09,18.73,20.393560000000
2022-06-20,18.65,19.79,1.13,18.57,20.25,1820000000
2022-06-21,19.92,19.40,-1.99,19.13,20.18,1660000000
2022-06-22,19.05,19.34,-0.30,18.91,19.74,1120000000
2022-06-23,19.34,18.98,-1.85,18.72,19.62,1320000000
2022-06-24,19.18,18.84,-0.76,18.76,19.41,1010000000
2022-06-27,19.22,20.05,6.43,19.11,20.12,1780000000
2022-06-28,20.48,20.30,1.25,20.08,20.66,1040000000
2022-06-29,20.41,20.12,-0.88,19.95,20.65,1040000000
2022-06-30,19.82,20.02,-0.53,19.64,20.11,98936000
2022-07-01,20.12,20.45,2.15,19.72,20.68,1310000000
2022-07-04,20.45,20.88,2.14,20.45,20.98,77272000
2022-07-05,20.71,20.09,-3.81,19.74,20.75,1570000000
2022-07-06,20.18,19.83,-1.28,19.29,20.41,1130000000
2022-07-07,20.07,20.41,2.93,20.07,20.73,1070000000
2022-07-08,20.45,20.64,1.12,20.33,20.76,87997000
2022-07-11,20.30,20.54,-0.49,20.25,20.63,80647000
2022-07-12,20.28,20.23,-1.50,20.05,20.37,93574000
2022-07-13,20.16,20.25,0.07,20.05,20.41,71566000
2022-07-14,20.07,19.70,-2.69,19.52,20.07,92482000
2022-07-15,19.85,20.04,1.71,19.70,20.10,75366000
2022-07-18,20.35,20.50,2.29,20.28,20.56,95291000
2022-07-19,20.46,20.91,2.03,20.35,20.96,1000000000
2022-07-20,20.83,20.91,-0.03,20.66,20.94,90284000
2022-07-21,20.77,20.80,-0.51,20.21,20.88,1200000000
2022-07-22,20.81,21.02,1.07,20.68,21.12,1160000000
2022-07-25,21.22,22.00,4.67,21.22,22.04,1710000000
2022-07-26,22.36,22.22,1.01,21.92,22.66,1740000000
2022-07-27,22.43,22.47,1.10,21.94,22.55,1120000000
2022-07-28,22.64,23.14,3.00,22.52,23.382610000000
2022-07-29,24.08,24.47,5.76,23.53,24.844410000000
2022-08-01,24.37,24.14,-1.38,23.81,24.47,1950000000
2022-08-02,24.20,24.25,0.45,23.99,24.73,1670000000
2022-08-03,24.37,24.28,0.15,24.05,24.48,1580000000
2022-08-04,24.42,24.52,0.97,24.07,24.65,1320000000
2022-08-05,24.47,24.99,1.93,24.45,25.13,1930000000
2022-08-08,25.18,26.25,5.05,25.18,26.352830000000
2022-08-09,26.52,26.68,1.64,26.41,26.852080000000
2022-08-10,26.98,26.60,-0.32,26.24,26.982060000000
2022-08-11,26.84,25.98,-2.32,25.98,27.133360000000
2022-08-12,25.56,27.85,7.20,25.54,27.964600000000
2022-08-15,27.12,27.86,0.03,26.83,28.312670000000
2022-08-16,27.86,28.11,0.91,27.67,28.17,1790000000
2022-08-17,27.80,28.77,2.34,27.75,28.822070000000
2022-08-18,29.07,29.35,2.01,28.87,29.562460000000
2022-08-19,28.91,27.87,-5.06,27.52,29.113510000000
2022-08-22,27.88,28.46,2.14,26.77,28.612560000000
2022-08-23,28.66,29.37,3.18,28.65,29.422130000000
2022-08-24,29.46,29.54,0.60,29.20,29.963830000000
2022-08-25,29.95,29.23,-1.07,28.69,30.182900000000
2022-08-26,29.23,29.54,1.08,28.61,29.57,1840000000
2022-08-29,29.47,30.28,2.50,29.38,30.812210000000
2022-08-30,29.86,28.48,-5.95,28.34,30.052840000000
2022-08-31,28.17,29.18,2.47,27.95,29.373300000000
2022-09-01,29.30,29.73,1.87,28.77,29.822020000000
2022-09-02,30.25,29.35,-1.27,29.21,30.362430000000
2022-09-05,29.73,29.27,-0.27,29.11,29.962230000000
2022-09-06,28.34,28.19,-3.69,27.67,28.623120000000
2022-09-08,28.38,27.93,-0.93,27.58,28.79,1770000000
2022-09-09,28.53,27.92,-0.03,27.84,28.69,1400000000
2022-09-12,28.24,27.74,-0.66,27.63,28.75,1860000000
2022-09-13,27.17,26.92,-2.94,26.80,27.612380000000
2022-09-14,27.01,27.33,1.53,26.90,27.60,1330000000
2022-09-15,27.16,27.28,-0.19,27.05,27.43,1230000000
2022-09-16,27.10,27.03,-0.90,26.65,27.182860000000
2022-09-19,26.79,27.46,1.59,26.24,27.56,1770000000
2022-09-20,27.60,27.31,-0.58,27.09,27.75,1840000000
2022-09-21,27.53,27.38,0.26,27.13,27.64,1590000000
2022-09-22,27.65,28.05,2.47,27.25,28.17,1930000000
2022-09-23,27.51,26.30,-6.26,26.15,27.573650000000
2022-09-26,26.10,25.87,-1.60,25.65,26.422060000000
2022-09-27,26.26,26.06,0.71,25.92,26.52,1850000000
2022-09-28,26.06,25.71,-1.35,25.10,26.192670000000
2022-09-29,25.46,25.74,0.14,25.12,25.822230000000
2022-09-30,25.66,26.17,1.67,25.47,26.783180000000
2022-10-03,28.03,28.26,7.99,27.81,28.675020000000
2022-10-04,28.90,27.55,-2.52,27.29,28.973220000000
2022-10-05,27.59,28.59,3.76,27.40,28.822610000000
2022-10-06,28.98,29.56,3.41,28.49,29.682390000000
2022-10-07,29.49,29.54,-0.09,29.18,30.142160000000
2022-10-10,29.55,29.20,-1.13,28.98,29.76,1520000000
2022-10-11,28.89,28.98,-0.75,28.64,29.273070000000
2022-10-13,28.54,29.81,2.85,28.46,30.292680000000
2022-10-14,29.83,29.35,-1.53,29.25,29.98,1830000000
2022-10-17,29.19,29.33,-0.09,28.84,29.992960000000
2022-10-18,29.77,30.05,2.46,29.12,30.062400000000
2022-10-19,29.98,31.11,3.54,29.88,31.233480000000
2022-10-20,31.71,32.03,2.96,31.42,32.106850000000
2022-10-21,32.01,33.13,3.43,31.96,33.724600000000
2022-10-24,32.06,30.08,-9.20,30.06,32.344400000000
2022-10-25,29.90,29.45,-2.10,29.17,30.303310000000
2022-10-26,28.63,28.73,-2.45,28.02,29.453480000000
2022-10-27,28.82,28.95,0.76,28.69,29.463200000000
2022-10-28,28.72,28.61,-1.18,27.98,29.093680000000
2022-10-31,26.88,26.18,-8.47,25.61,27.756930000000
2022-11-01,26.85,26.23,0.17,25.96,26.949860000000
2022-11-03,26.17,26.30,0.30,25.86,26.693620000000
2022-11-04,27.05,24.85,-5.51,24.75,27.144970000000
2022-11-07,24.56,23.85,-4.06,23.77,24.852840000000
2022-11-08,23.77,24.02,0.74,23.49,24.182260000000
2022-11-09,23.85,23.63,-1.65,23.40,24.552460000000
2022-11-10,22.91,22.94,-2.90,22.49,23.623340000000
2022-11-11,22.66,23.70,3.33,22.57,24.033390000000
2022-11-14,23.94,24.33,2.63,23.79,24.75,1620000000
2022-11-16,24.42,23.85,-1.99,23.65,24.692050000000
2022-11-17,23.71,23.85,0.04,23.32,23.982400000000
2022-11-18,24.06,23.45,-1.69,23.03,24.242980000000
2022-11-21,23.82,23.52,0.30,22.88,24.213880000000
2022-11-22,23.00,23.33,-0.81,22.30,23.433750000000
2022-11-23,23.00,23.44,0.47,22.80,23.65,1800000000
2022-11-24,23.52,24.25,3.46,23.25,24.632270000000
2022-11-25,24.26,23.86,-1.61,23.60,24.33,1400000000
2022-11-28,23.65,24.36,2.10,23.54,24.55,1360000000
2022-11-29,24.60,25.38,4.19,24.48,25.882440000000
2022-11-30,25.60,26.66,5.04,25.50,26.663170000000
2022-12-01,26.58,25.59,-4.01,25.56,26.79,1850000000
2022-12-02,25.69,25.91,1.25,25.31,26.45,1720000000
2022-12-05,26.00,25.62,-1.12,25.55,26.58,1460000000
2022-12-06,25.82,25.64,0.08,25.42,26.39,1930000000
2022-12-07,25.34,25.35,-1.13,25.27,26.07,1460000000
2022-12-08,25.55,24.78,-2.25,24.64,25.79,1400000000
2022-12-09,24.99,24.71,-0.28,24.49,25.05,1520000000
2022-12-12,24.58,23.91,-3.24,23.13,24.662640000000
2022-12-13,24.10,23.32,-2.47,23.31,24.202430000000
2022-12-14,22.50,21.47,-7.93,20.77,22.606880000000
2022-12-15,21.00,22.04,2.65,20.83,22.372890000000
2022-12-16,21.96,22.05,0.05,21.51,22.11,1960000000
2022-12-19,22.10,22.38,1.50,21.64,22.51,1400000000
2022-12-20,22.39,23.07,3.08,22.21,23.24,1640000000
2022-12-21,23.50,23.57,2.17,22.85,23.72,1730000000
2022-12-22,23.90,23.99,1.78,23.70,24.563650000000
2022-12-23,24.13,25.12,4.71,24.13,25.22,1700000000
2022-12-26,25.12,24.94,-0.72,24.82,25.30,71790000
2022-12-27,25.25,25.11,0.68,24.55,25.31,1260000000
2022-12-28,25.10,24.80,-1.23,24.75,25.32,1430000000
2022-12-29,24.99,24.50,-1.21,24.43,25.052630000000
